accuracy,roc_auc,f1
0.6603110888108379,0.6541298775927177,0.42087254063301965
