max,min,mean,median,std,abs_mean,abs_median,abs_25%,abs_75%,abs_95%
66.7297097278184,-61.97016302676102,0.3048332636391891,0.08893051467309908,2.7494091277241735,1.7220624949306607,0.9477541167342,0.3999600039997,1.9665260196905798,6.7854113655639
